,experiment_ID,hide_ID,scaffold_type,mg/biopsy mean,mg/biopsy std,net weight mg,ug/cm2 mean,ug/cm2 std,scaffold weight mg,% hydroxyproline_in_collagen,% percent_collagen,% percent_collagen_std
0,HP2,1,PLA,-0.002647408013000287,4.336208985008912e-06,11.610000000000051,-1.5277531000997981,1.6086113775622064,4.6,10.5,-0.35967774105023675,0.0005891188078267618
1,HP2,1,V2P1,-0.0026427333726830853,1.6062748010142575e-05,12.633333333333212,-1.5201315122262036,1.5944640204925684,5.75,10.5,-0.3656497229585793,0.0022224487042743495
2,HP2,2,PLA,-0.002639584288637066,1.4319025682726058e-05,10.448333333333343,-1.5278936814439625,1.6120485078179725,4.6,10.5,-0.42984721550902766,0.0023318040439239563
3,HP2,2,V2P1,-0.002650067239528037,1.7317099212792314e-06,12.723333333333281,-1.5315641415389616,1.614923678417156,5.75,10.5,-0.36193215508441096,0.00023650777400699866
4,HP2,3,PLA,-0.002660004349184363,2.8016689946769426e-06,11.498333333333298,-1.5355261594216827,1.6172169793806073,4.6,10.5,-0.3672390638434925,0.0003867972242676916
5,HP2,3,V2P1,-0.0026728386161630276,1.5406333242873014e-06,12.9533333333333,-1.5434061397658887,1.6259141991205164,5.75,10.5,-0.3533864766527455,0.00020369317436204253
6,HP2,4,PLA,-0.0026585907603459275,2.939145109623206e-07,12.28333333333338,-1.535737526442662,1.6185422182814702,4.6,10.5,-0.32954332325328933,3.643191954909437e-05
7,HP2,4,V2P1,-0.0026773173134729215,3.293031248034935e-06,13.628333333333254,-1.5472364863896386,1.6309756115122482,5.75,10.5,-0.3236504353075582,0.00039808168854120316
