,experiment_ID,hide_ID,scaffold_type,mg/biopsy mean,mg/biopsy std,net weight mg,ug/cm2 mean,ug/cm2 std,scaffold weight mg,% hydroxyproline_in_collagen,% percent_collagen,% percent_collagen_std
0,HP2,1,PLA,-0.002647408013000313,4.33620898500974e-06,11.610000000000051,-1.5277531000998128,1.608611377562222,4.6,10.5,-0.3596777410502403,0.0005891188078268743
1,HP2,1,V2P1,-0.0026427333726831113,1.6062748010143073e-05,12.633333333333212,-1.5201315122262187,1.5944640204925844,5.75,10.5,-0.3656497229585829,0.002222448704274418
2,HP2,2,PLA,-0.0026395842886370925,1.431902568272556e-05,10.448333333333343,-1.5278936814439776,1.6120485078179883,4.6,10.5,-0.42984721550903193,0.002331804043923875
3,HP2,2,V2P1,-0.0026500672395280618,1.7317099212797044e-06,12.723333333333281,-1.5315641415389771,1.6149236784171725,5.75,10.5,-0.36193215508441434,0.0002365077740070633
4,HP2,3,PLA,-0.002660004349184389,2.8016689946766753e-06,11.498333333333298,-1.5355261594216978,1.6172169793806233,4.6,10.5,-0.367239063843496,0.0003867972242676547
5,HP2,3,V2P1,-0.0026728386161630536,1.5406333242880699e-06,12.9533333333333,-1.5434061397659047,1.6259141991205326,5.75,10.5,-0.3533864766527489,0.00020369317436214415
6,HP2,4,PLA,-0.002658590760345954,2.939145109615152e-07,12.28333333333338,-1.5357375264426774,1.6185422182814864,4.6,10.5,-0.32954332325329255,3.643191954899453e-05
7,HP2,4,V2P1,-0.0026773173134729475,3.293031248035101e-06,13.628333333333254,-1.5472364863896537,1.6309756115122644,5.75,10.5,-0.3236504353075614,0.0003980816885412233
