,experiment_ID,hide_ID,scaffold_type,mg/biopsy mean,mg/biopsy std,collagen %,collagen std %
0,HP2,0526-1,V2P1,0.09454485829272201,0.06425099204057226,12.812007762458114,8.488656703274055
1,HP2,0526-2,V2P1,0.12388032567252659,0.006926839685116966,17.043395615518126,2.2234906834181003
2,HP2,0526-3,V2P1,0.21496583221249224,0.0061625332971496,28.462190573382,1.4373575101450784
3,HP2,0526-4,V2P1,0.23288062145206756,0.013172124992140637,28.17522177656387,1.9230210213752255
4,HP2,0602-1,PLA,0.11324341956152874,0.01734483594003602,15.404015910325763,2.500039611975002
5,HP2,0602-2,PLA,0.08194852210864562,0.057276102730903465,13.260066205609126,9.175080070941563
6,HP2,0602-3,PLA,0.16362876429783427,0.011206675978707635,22.693941627338987,2.0462136533004993
7,HP2,0602-4,PLA,0.1579744089440933,0.0011756580438471284,19.58857839510351,0.45578868457042787
